{
  "total_rows": 705460,
  "total_origin_videos": 285764,
  "total_dedup_groups": 285764,
  "layer1_cross_dataset": {
    "origin_count": 10129,
    "row_count": 91087
  },
  "layer2_metadata_matched": 0,
  "layer3_visual_high_sim": 0,
  "layer4_semantic_high_sim": 242725,
  "group_size_distribution": {
    "count": 705460.0,
    "mean": 63.86447707878548,
    "std": 362.8160889058484,
    "min": 1.0,
    "25%": 2.0,
    "50%": 4.0,
    "75%": 6.0,
    "max": 2660.0
  }
}